Year,Buy_precision,Buy_recall,Buy_f1,Hold_precision,Hold_recall,Hold_f1,Sell_precision,Sell_recall,Sell_f1,accuracy,macro_precision,macro_recall,macro_f1,weighted_precision,weighted_recall,weighted_f1
2025,0.2727272727272727,0.21428571428571427,0.24,0.0,0.0,0.0,0.6976744186046512,0.7894736842105263,0.7407407407407407,0.6111111111111112,0.32346723044397463,0.3345864661654135,0.3269135802469136,0.5616631430584919,0.6111111111111112,0.5834842249657064
